title;url;price
Lenovo ThinkBook 15 G2 - 20VE0049MH;https://www.coolblue.nl/en/product/872868/lenovo-thinkbook-15-g2-20ve0049mh.html;1.059,-
HP 15s-fq2960nd;https://www.coolblue.nl/en/product/873236/hp-15s-fq2960nd.html;499,-
Apple MacBook Air (2020) 16GB/256GB Apple M1 with 7-core GPU Space Gray;https://www.coolblue.nl/en/product/874171/apple-macbook-air-2020-16gb-256gb-apple-m1-with-7-core-gpu-space-gray.html;1.359,-
Lenovo IdeaPad 5 14ARE05 81YM00F7MH;https://www.coolblue.nl/en/product/900571/lenovo-ideapad-5-14are05-81ym00f7mh.html;749,-
Apple MacBook Pro 13 inches (2020) 16GB/256GB Apple M1 Space Gray;https://www.coolblue.nl/en/product/874177/apple-macbook-pro-13-inches-2020-16gb-256gb-apple-m1-space-gray.html;1.609,-
HP Pavilion 15-eh1907nd;https://www.coolblue.nl/en/product/889428/hp-pavilion-15-eh1907nd.html;599,-
Lenovo ThinkBook 15 G2 - 20VE0046MH;https://www.coolblue.nl/en/product/872864/lenovo-thinkbook-15-g2-20ve0046mh.html;799,-
HP Pavilion 15-eh1908nd;https://www.coolblue.nl/en/product/889429/hp-pavilion-15-eh1908nd.html;679,-
Lenovo IdeaPad 5 Pro 14ACN6 82L7006VMH;https://www.coolblue.nl/en/product/878296/lenovo-ideapad-5-pro-14acn6-82l7006vmh.html;999,-
Apple MacBook Pro 13 inches (2020) 16GB/512GB Apple M1 Space Gray;https://www.coolblue.nl/en/product/874178/apple-macbook-pro-13-inches-2020-16gb-512gb-apple-m1-space-gray.html;1.769,-
HP ProBook 450 G8 - 203F7EA;https://www.coolblue.nl/en/product/872309/hp-probook-450-g8-203f7ea.html;1.149,-
Apple MacBook Pro 16 inches (2021) M1 Pro (10-core CPU/16-core GPU) 16GB/512GB Space Gray;https://www.coolblue.nl/en/product/894369/apple-macbook-pro-16-inches-2021-m1-pro-10-core-cpu-16-core-gpu-16gb-512gb-space-gray.html;2.559,-
Acer Swift 3 SF316-51-51BS;https://www.coolblue.nl/en/product/879388/acer-swift-3-sf316-51-51bs.html;769,-
Apple MacBook Pro 14 inches (2021) M1 Pro (8-core CPU/14-core GPU) 32GB/1TB Space Gray;https://www.coolblue.nl/en/product/894399/apple-macbook-pro-14-inches-2021-m1-pro-8-core-cpu-14-core-gpu-32gb-1tb-space-gray.html;2.879,-
Apple MacBook Pro 14 inches (2021) M1 Pro (8-core CPU/14-core GPU) 16GB/512GB Space Gray;https://www.coolblue.nl/en/product/894361/apple-macbook-pro-14-inches-2021-m1-pro-8-core-cpu-14-core-gpu-16gb-512gb-space-gray.html;2.099,-
Lenovo Legion 5 17ITH6H 82JM001EMH;https://www.coolblue.nl/en/product/882868/lenovo-legion-5-17ith6h-82jm001emh.html;1.499,-
Lenovo Legion 5 17IMH05 82B300CBMH;https://www.coolblue.nl/en/product/882865/lenovo-legion-5-17imh05-82b300cbmh.html;1.199,-
Apple MacBook Pro 14 inches (2021) M1 Pro (8-core CPU/14-core GPU) 16GB/1TB Space Gray;https://www.coolblue.nl/en/product/894397/apple-macbook-pro-14-inches-2021-m1-pro-8-core-cpu-14-core-gpu-16gb-1tb-space-gray.html;2.329,-
HP 470 G8 i7-16gb-512GB;https://www.coolblue.nl/en/product/889652/hp-470-g8-i7-16gb-512gb.html;1.349,-
Apple MacBook Pro 14 inches (2021) M1 Pro (10-core CPU/16-core GPU) 32GB/1TB Space Gray;https://www.coolblue.nl/en/product/894403/apple-macbook-pro-14-inches-2021-m1-pro-10-core-cpu-16-core-gpu-32gb-1tb-space-gray.html;3.139,-
Apple MacBook Air (2020) 16GB/512GB Apple M1 with 8-core GPU Space Gray;https://www.coolblue.nl/en/product/874175/apple-macbook-air-2020-16gb-512gb-apple-m1-with-8-core-gpu-space-gray.html;1.509,-
MSI GL66 Pulse 11UEK-036NL;https://www.coolblue.nl/en/product/880208/msi-gl66-pulse-11uek-036nl.html;1.399,-
Apple MacBook Pro 14 inches (2021) M1 Pro (10-core CPU/16-core GPU) 32GB/512GB Space Gray;https://www.coolblue.nl/en/product/894402/apple-macbook-pro-14-inches-2021-m1-pro-10-core-cpu-16-core-gpu-32gb-512gb-space-gray.html;2.919,-
HP 17-cn0976nd;https://www.coolblue.nl/en/product/891408/hp-17-cn0976nd.html;1.049,-
HP Chromebook 14a-na0170nd;https://www.coolblue.nl/en/product/868651/hp-chromebook-14a-na0170nd.html;249,-
HP ProBook 440 G8 - 203F0EA;https://www.coolblue.nl/en/product/872297/hp-probook-440-g8-203f0ea.html;999,-
MSI GF63 Thin 10SC-683NL;https://www.coolblue.nl/en/product/891437/msi-gf63-thin-10sc-683nl.html;799,-
Microsoft Surface Pro 8 - i5/16/256 (Graphite);https://www.coolblue.nl/en/product/897655/microsoft-surface-pro-8-i5-16-256-graphite.html;1.249,-
MSI Modern 15 A11M-814NL;https://www.coolblue.nl/en/product/892840/msi-modern-15-a11m-814nl.html;799,-
Apple MacBook Pro 16 inches (2021) M1 Pro (10-core CPU/16-core GPU) 16GB/1TB Silver;https://www.coolblue.nl/en/product/894372/apple-macbook-pro-16-inches-2021-m1-pro-10-core-cpu-16-core-gpu-16gb-1tb-silver.html;2.979,-
Apple MacBook Pro 14 inches (2021) M1 Pro (8-core CPU/14-core GPU) 32GB/512GB Space Gray;https://www.coolblue.nl/en/product/894398/apple-macbook-pro-14-inches-2021-m1-pro-8-core-cpu-14-core-gpu-32gb-512gb-space-gray.html;2.609,-
Apple MacBook Air (2020) 16GB/1TB Apple M1 with 8-core GPU Space Gray;https://www.coolblue.nl/en/product/874176/apple-macbook-air-2020-16gb-1tb-apple-m1-with-8-core-gpu-space-gray.html;1.839,-
Lenovo IdeaPad 5 14ITL05 82FE00PWMH;https://www.coolblue.nl/en/product/878306/lenovo-ideapad-5-14itl05-82fe00pwmh.html;749,-
Acer Swift 3 SF314-43-R13Q;https://www.coolblue.nl/en/product/882455/acer-swift-3-sf314-43-r13q.html;579,-
HP 17-cn1959nd;https://www.coolblue.nl/en/product/899604/hp-17-cn1959nd.html;849,-
Acer Chromebook Spin 514 CP514-1HH-R7PK;https://www.coolblue.nl/en/product/876297/acer-chromebook-spin-514-cp514-1hh-r7pk.html;649,-
MSI Creator 17 B11UH-404NL;https://www.coolblue.nl/en/product/889901/msi-creator-17-b11uh-404nl.html;2.499,-
Lenovo IdeaPad Gaming 3 15ACH6 82K200ANMH;https://www.coolblue.nl/en/product/879991/lenovo-ideapad-gaming-3-15ach6-82k200anmh.html;799,-
Lenovo V17 G2 - 82NX00EAMH;https://www.coolblue.nl/en/product/888358/lenovo-v17-g2-82nx00eamh.html;1.199,-
MSI Creator 17 B11UE-408NL;https://www.coolblue.nl/en/product/889899/msi-creator-17-b11ue-408nl.html;1.699,-
HP Pavilion 15-eh1977nd;https://www.coolblue.nl/en/product/889431/hp-pavilion-15-eh1977nd.html;949,-
Asus Chromebook C523NA-EJ0446;https://www.coolblue.nl/en/product/886177/asus-chromebook-c523na-ej0446.html;299,-
MSI Summit E16 Flip Evo A11MT-037NL;https://www.coolblue.nl/en/product/886479/msi-summit-e16-flip-evo-a11mt-037nl.html;1.349,-
HP 15s-fq4965nd;https://www.coolblue.nl/en/product/891962/hp-15s-fq4965nd.html;639,-
Apple MacBook Pro 16 inches (2021) M1 Pro (10-core CPU/16-core GPU) 16GB/1TB Space Gray;https://www.coolblue.nl/en/product/894371/apple-macbook-pro-16-inches-2021-m1-pro-10-core-cpu-16-core-gpu-16gb-1tb-space-gray.html;2.799,-
HP Pavilion x360 14-dy0902nd;https://www.coolblue.nl/en/product/877670/hp-pavilion-x360-14-dy0902nd.html;719,-
Lenovo Legion 5 15IMH05H 81Y60090MH;https://www.coolblue.nl/en/product/873077/lenovo-legion-5-15imh05h-81y60090mh.html;1.199,-
Lenovo IdeaPad 5 14ITL05 82FE00PSMH;https://www.coolblue.nl/en/product/878381/lenovo-ideapad-5-14itl05-82fe00psmh.html;529,-
Acer Aspire Vero AV15-51-574G;https://www.coolblue.nl/en/product/892461/acer-aspire-vero-av15-51-574g.html;799,-
Apple MacBook Pro 16 inches (2021) M1 Max (10-core CPU/24-core GPU) 64GB/1TB Space Gray;https://www.coolblue.nl/en/product/894448/apple-macbook-pro-16-inches-2021-m1-max-10-core-cpu-24-core-gpu-64gb-1tb-space-gray.html;4.129,-
Apple MacBook Pro 16 inches (2021) M1 Max (10-core CPU/32-core GPU) 32GB/512GB Space Gray;https://www.coolblue.nl/en/product/894450/apple-macbook-pro-16-inches-2021-m1-max-10-core-cpu-32-core-gpu-32gb-512gb-space-gray.html;3.619,-
Microsoft Surface Laptop Go - i5 - 8GB - 128GB Platinum;https://www.coolblue.nl/en/product/869660/microsoft-surface-laptop-go-i5-8gb-128gb-platinum.html;599,-
Acer Aspire 5 A514-54-59FF;https://www.coolblue.nl/en/product/867584/acer-aspire-5-a514-54-59ff.html;549,-
Apple MacBook Pro 16 inches (2021) M1 Pro (10-core CPU/16-core GPU) 16GB/2TB Space Gray;https://www.coolblue.nl/en/product/894442/apple-macbook-pro-16-inches-2021-m1-pro-10-core-cpu-16-core-gpu-16gb-2tb-space-gray.html;3.119,-
Lenovo IdeaPad 5 15ITL05 82FG00YRMH;https://www.coolblue.nl/en/product/878377/lenovo-ideapad-5-15itl05-82fg00yrmh.html;629,-
Apple MacBook Pro 16 inches (2021) M1 Max (10-core CPU/32-core GPU) 32GB/2TB Space Gray;https://www.coolblue.nl/en/product/894451/apple-macbook-pro-16-inches-2021-m1-max-10-core-cpu-32-core-gpu-32gb-2tb-space-gray.html;4.309,-
Asus Zenbook Flip 15 UM562IA-EZ012T;https://www.coolblue.nl/en/product/886718/asus-zenbook-flip-15-um562ia-ez012t.html;899,-
Lenovo IdeaPad 5 15ITL05 82FG01FEMH;https://www.coolblue.nl/en/product/891620/lenovo-ideapad-5-15itl05-82fg01femh.html;779,-
MSI Katana GF76 11SC-470NL;https://www.coolblue.nl/en/product/891494/msi-katana-gf76-11sc-470nl.html;1.099,-
HP 17-cn1915nd;https://www.coolblue.nl/en/product/890652/hp-17-cn1915nd.html;739,-
Apple MacBook Pro 16 inches (2021) M1 Pro (10-core CPU/16-core GPU) 32GB/2TB Space Gray;https://www.coolblue.nl/en/product/894445/apple-macbook-pro-16-inches-2021-m1-pro-10-core-cpu-16-core-gpu-32gb-2tb-space-gray.html;3.839,-
Microsoft Surface Pro 8 - i7/16/512 (Platinum);https://www.coolblue.nl/en/product/897658/microsoft-surface-pro-8-i7-16-512-platinum.html;1.699,-
Acer Aspire 3 A315-56-59Y1;https://www.coolblue.nl/en/product/841240/acer-aspire-3-a315-56-59y1.html;549,-
HP Pavilion x360 14-dy0900nd;https://www.coolblue.nl/en/product/877668/hp-pavilion-x360-14-dy0900nd.html;549,-
Lenovo Legion 5 Pro 16ITH6H 82JD00ASMH;https://www.coolblue.nl/en/product/898360/lenovo-legion-5-pro-16ith6h-82jd00asmh.html;2.369,-
HP EliteBook 850 G8 - 2Y2S4EA;https://www.coolblue.nl/en/product/889655/hp-elitebook-850-g8-2y2s4ea.html;1.699,-
Apple MacBook Air (2020) 16GB/512GB Apple M1 with 8-core GPU Gold;https://www.coolblue.nl/en/product/878573/apple-macbook-air-2020-16gb-512gb-apple-m1-with-8-core-gpu-gold.html;1.579,-
Asus Zenbook 14 UX425JA-HM025T;https://www.coolblue.nl/en/product/892619/asus-zenbook-14-ux425ja-hm025t.html;879,-
Asus ExpertBook B1500CEAE-BQ2008R;https://www.coolblue.nl/en/product/890744/asus-expertbook-b1500ceae-bq2008r.html;1.099,-
HP Pavilion G 15-dk2980nd;https://www.coolblue.nl/en/product/879741/hp-pavilion-g-15-dk2980nd.html;949,-
Lenovo Legion 5 15ITH6H 82JH005NMH;https://www.coolblue.nl/en/product/882857/lenovo-legion-5-15ith6h-82jh005nmh.html;1.549,-
Apple MacBook Pro 13 inches (2020) 16GB/1TB Apple M1 Space Gray;https://www.coolblue.nl/en/product/874179/apple-macbook-pro-13-inches-2020-16gb-1tb-apple-m1-space-gray.html;2.049,-
MSI GF66 Katana 11UG-261NL;https://www.coolblue.nl/en/product/884356/msi-gf66-katana-11ug-261nl.html;1.499,-
MSI GL66 Pulse 11UDK-025NL;https://www.coolblue.nl/en/product/880137/msi-gl66-pulse-11udk-025nl.html;1.199,-
Asus Chromebook C434TA-AI0485;https://www.coolblue.nl/en/product/886176/asus-chromebook-c434ta-ai0485.html;619,-
Apple MacBook Pro 14 inches (2021) M1 Pro (8-core CPU/14-core GPU) 16GB/512GB Silver;https://www.coolblue.nl/en/product/894362/apple-macbook-pro-14-inches-2021-m1-pro-8-core-cpu-14-core-gpu-16gb-512gb-silver.html;2.019,-
Lenovo IdeaPad Flex 5 15ITL05 82HT0057MH;https://www.coolblue.nl/en/product/878333/lenovo-ideapad-flex-5-15itl05-82ht0057mh.html;799,-
Apple MacBook Pro 16 inches (2021) M1 Pro (10-core CPU/16-core GPU) 16GB/512GB Silver;https://www.coolblue.nl/en/product/894370/apple-macbook-pro-16-inches-2021-m1-pro-10-core-cpu-16-core-gpu-16gb-512gb-silver.html;2.499,-
Apple MacBook Pro 14 inches (2021) M1 Pro (10-core CPU/16-core GPU) 16GB/1TB Space Gray;https://www.coolblue.nl/en/product/894363/apple-macbook-pro-14-inches-2021-m1-pro-10-core-cpu-16-core-gpu-16gb-1tb-space-gray.html;2.469,-
Acer Aspire 5 A517-52-52U6;https://www.coolblue.nl/en/product/872282/acer-aspire-5-a517-52-52u6.html;699,-
HP Pavilion x360 14-dy0905nd;https://www.coolblue.nl/en/product/877673/hp-pavilion-x360-14-dy0905nd.html;679,-
HP Pavilion 15-eg1900nd;https://www.coolblue.nl/en/product/897883/hp-pavilion-15-eg1900nd.html;1.129,-
HP 17-cp0936nd;https://www.coolblue.nl/en/product/890656/hp-17-cp0936nd.html;549,-
HP VICTUS 16-e0306nd;https://www.coolblue.nl/en/product/897735/hp-victus-16-e0306nd.html;999,-
Apple MacBook Air (2020) 16GB/256GB Apple M1 with 7-core GPU Gold;https://www.coolblue.nl/en/product/874173/apple-macbook-air-2020-16gb-256gb-apple-m1-with-7-core-gpu-gold.html;1.339,-
HP 17-cn0970nd;https://www.coolblue.nl/en/product/878104/hp-17-cn0970nd.html;899,-
Lenovo Legion 5 17IMH05H 81Y800A8MH;https://www.coolblue.nl/en/product/882866/lenovo-legion-5-17imh05h-81y800a8mh.html;1.369,-
Acer Chromebook Spin 311 CP311-2H-C3DE;https://www.coolblue.nl/en/product/853049/acer-chromebook-spin-311-cp311-2h-c3de.html;249,-
Samsung Galaxy Book2 Pro 360 15 NP950QED-KA1NL;https://www.coolblue.nl/en/product/901777/samsung-galaxy-book2-pro-360-15-np950qed-ka1nl.html;1.599,-
Apple MacBook Pro 14 inches (2021) M1 Max (10-core CPU/32-core GPU) 64GB/2TB Space Gray;https://www.coolblue.nl/en/product/894417/apple-macbook-pro-14-inches-2021-m1-max-10-core-cpu-32-core-gpu-64gb-2tb-space-gray.html;4.499,-
Microsoft Surface Pro 8 - i7/16/512 (Graphite);https://www.coolblue.nl/en/product/897659/microsoft-surface-pro-8-i7-16-512-graphite.html;1.699,-
Apple MacBook Pro 14 inches (2021) M1 Pro (10-core CPU/16-core GPU) 32GB/2TB Space Gray;https://www.coolblue.nl/en/product/894404/apple-macbook-pro-14-inches-2021-m1-pro-10-core-cpu-16-core-gpu-32gb-2tb-space-gray.html;3.399,-
Apple MacBook Air (2020) 16GB/512GB Apple M1 with 8-core GPU Silver;https://www.coolblue.nl/en/product/878572/apple-macbook-air-2020-16gb-512gb-apple-m1-with-8-core-gpu-silver.html;1.569,-
Lenovo IdeaPad Flex 5 14ITL05 82HS00K5MH;https://www.coolblue.nl/en/product/878316/lenovo-ideapad-flex-5-14itl05-82hs00k5mh.html;1.049,-
Lenovo Legion 5 Pro 16ITH6H 82JD00AQMH;https://www.coolblue.nl/en/product/900578/lenovo-legion-5-pro-16ith6h-82jd00aqmh.html;2.099,-
HP EliteBook 840 G8 - 35T73EA;https://www.coolblue.nl/en/product/889659/hp-elitebook-840-g8-35t73ea.html;1.769,-
HP Pavilion G 15-dk2990nd;https://www.coolblue.nl/en/product/879742/hp-pavilion-g-15-dk2990nd.html;1.099,-
Lenovo Legion 5 Pro 16ACH6H 82JQ00QPMH;https://www.coolblue.nl/en/product/898108/lenovo-legion-5-pro-16ach6h-82jq00qpmh.html;1.949,-
Apple MacBook Air (2020) MGN63N/A Space Gray;https://www.coolblue.nl/en/product/873113/apple-macbook-air-2020-mgn63n-a-space-gray.html;999,-
HP Pavilion G 15-ec2905nd;https://www.coolblue.nl/en/product/879737/hp-pavilion-g-15-ec2905nd.html;849,-
HP EliteBook 850 G8 - 2Y2S3EA;https://www.coolblue.nl/en/product/889654/hp-elitebook-850-g8-2y2s3ea.html;1.849,-
Apple MacBook Pro 16 inches (2021) M1 Max (10-core CPU/24-core GPU) 64GB/2TB Space Gray;https://www.coolblue.nl/en/product/894449/apple-macbook-pro-16-inches-2021-m1-max-10-core-cpu-24-core-gpu-64gb-2tb-space-gray.html;4.499,-
Asus Vivobook 15 OLED K513EA-L11387W;https://www.coolblue.nl/en/product/898538/asus-vivobook-15-oled-k513ea-l11387w.html;1.099,-
HP 17-cn1951nd;https://www.coolblue.nl/en/product/890653/hp-17-cn1951nd.html;799,-
Asus Vivobook 17 X712EA-AU602W;https://www.coolblue.nl/en/product/898537/asus-vivobook-17-x712ea-au602w.html;999,-
Lenovo ThinkPad E15 G2 - 20TD0028MH;https://www.coolblue.nl/en/product/872898/lenovo-thinkpad-e15-g2-20td0028mh.html;999,-
Lenovo ThinkBook 15 G3 - 21A4002DMH;https://www.coolblue.nl/en/product/888360/lenovo-thinkbook-15-g3-21a4002dmh.html;849,-
Asus Zenbook 14 UM425UAZ-KI023W;https://www.coolblue.nl/en/product/893967/asus-zenbook-14-um425uaz-ki023w.html;1.049,-
Lenovo IdeaPad Gaming 3 15IMH05 81Y40197MH;https://www.coolblue.nl/en/product/880001/lenovo-ideapad-gaming-3-15imh05-81y40197mh.html;899,-
Acer Nitro 5 AN517-52-757K;https://www.coolblue.nl/en/product/867668/acer-nitro-5-an517-52-757k.html;1.099,-
Acer Chromebook Spin 513 CP513-1H-S2LW;https://www.coolblue.nl/en/product/872378/acer-chromebook-spin-513-cp513-1h-s2lw.html;299,-
Microsoft Surface Pro 8 - i5/8/256 (Graphite);https://www.coolblue.nl/en/product/897653/microsoft-surface-pro-8-i5-8-256-graphite.html;999,-
Acer Chromebook 314 CB314-1HT-C6XM;https://www.coolblue.nl/en/product/839397/acer-chromebook-314-cb314-1ht-c6xm.html;349,-
Microsoft Surface Pro 8 - i5/8GB/128GB (Platinum);https://www.coolblue.nl/en/product/897650/microsoft-surface-pro-8-i5-8gb-128gb-platinum.html;949,-
HP ENVY x360 15-ed1900nd;https://www.coolblue.nl/en/product/871004/hp-envy-x360-15-ed1900nd.html;1.199,-
Lenovo IdeaPad 5 15ITL05 82FG00YQMH;https://www.coolblue.nl/en/product/878365/lenovo-ideapad-5-15itl05-82fg00yqmh.html;699,-
HP Pavilion x360 14-dy0901nd;https://www.coolblue.nl/en/product/877669/hp-pavilion-x360-14-dy0901nd.html;819,-
Acer Nitro 5 AN515-57-77K2;https://www.coolblue.nl/en/product/892321/acer-nitro-5-an515-57-77k2.html;1.499,-
Lenovo Legion 7 16ACHg8 82N600MTMH;https://www.coolblue.nl/en/product/898112/lenovo-legion-7-16achg8-82n600mtmh.html;3.099,-
MSI GE66 11UH-203NL;https://www.coolblue.nl/en/product/883217/msi-ge66-11uh-203nl.html;2.549,-
Acer Aspire 3 A315-56-577F;https://www.coolblue.nl/en/product/841243/acer-aspire-3-a315-56-577f.html;549,-
MSI Creator 17 B11UG-406NL;https://www.coolblue.nl/en/product/889900/msi-creator-17-b11ug-406nl.html;1.899,-
HP 15s-eq2920nd;https://www.coolblue.nl/en/product/876357/hp-15s-eq2920nd.html;569,-
Acer Swift 3 SF314-511-577W;https://www.coolblue.nl/en/product/882458/acer-swift-3-sf314-511-577w.html;799,-
Acer TravelMate P2 TMP215-53-7159;https://www.coolblue.nl/en/product/871419/acer-travelmate-p2-tmp215-53-7159.html;999,-
Lenovo IdeaPad Flex 5 14ITL05 82HS00K4MH;https://www.coolblue.nl/en/product/878313/lenovo-ideapad-flex-5-14itl05-82hs00k4mh.html;629,-
HP Chromebook x360 14b-ca0360nd;https://www.coolblue.nl/en/product/868653/hp-chromebook-x360-14b-ca0360nd.html;349,-
HP Pavilion x360 14-dy1904nd;https://www.coolblue.nl/en/product/890670/hp-pavilion-x360-14-dy1904nd.html;1.099,-
Lenovo Thinkpad P14s G2 - 20VX005LMH;https://www.coolblue.nl/en/product/886850/lenovo-thinkpad-p14s-g2-20vx005lmh.html;1.999,-
MSI GF65 10UE-087NL;https://www.coolblue.nl/en/product/875603/msi-gf65-10ue-087nl.html;1.399,-
Lenovo IdeaPad 5 14ALC05 82LM008BMH;https://www.coolblue.nl/en/product/898568/lenovo-ideapad-5-14alc05-82lm008bmh.html;629,-
Lenovo IdeaPad 3 17ADA6 82KS001CMH;https://www.coolblue.nl/en/product/890752/lenovo-ideapad-3-17ada6-82ks001cmh.html;629,-
ASUS TUF Dash F15FX517ZM-HN073W;https://www.coolblue.nl/en/product/898544/asus-tuf-dash-f15fx517zm-hn073w.html;1.679,-
MSI Raider GE76 Deluxe Edition 12UGS-684NL;https://www.coolblue.nl/en/product/899579/msi-raider-ge76-deluxe-edition-12ugs-684nl.html;3.199,-
Acer Aspire 3 A315-58-39YC;https://www.coolblue.nl/en/product/882445/acer-aspire-3-a315-58-39yc.html;479,-
Asus X515EA-EJ1474W;https://www.coolblue.nl/en/product/893939/asus-x515ea-ej1474w.html;749,-
HP ENVY x360 15-eu0991nd;https://www.coolblue.nl/en/product/890665/hp-envy-x360-15-eu0991nd.html;1.199,-
Acer Aspire 3 A315-23-R1K8;https://www.coolblue.nl/en/product/861465/acer-aspire-3-a315-23-r1k8.html;499,-
HP Pavilion x360 15-er0951nd;https://www.coolblue.nl/en/product/890672/hp-pavilion-x360-15-er0951nd.html;789,-
HP Pavilion x360 14-dy1903nd;https://www.coolblue.nl/en/product/890669/hp-pavilion-x360-14-dy1903nd.html;1.179,-
Asus Vivobook Pro 15 K3500PH-L1113W;https://www.coolblue.nl/en/product/893958/asus-vivobook-pro-15-k3500ph-l1113w.html;1.299,-
Lenovo V17 G2 - 82NX00E9MH;https://www.coolblue.nl/en/product/888357/lenovo-v17-g2-82nx00e9mh.html;849,-
Apple MacBook Pro 14 inches (2021) M1 Max (10-core CPU/24-core GPU) 32GB/2TB Space Gray;https://www.coolblue.nl/en/product/894407/apple-macbook-pro-14-inches-2021-m1-max-10-core-cpu-24-core-gpu-32gb-2tb-space-gray.html;3.899,-
Asus Vivobook Go 14 E410MA-BV1312WS;https://www.coolblue.nl/en/product/898504/asus-vivobook-go-14-e410ma-bv1312ws.html;289,-
Lenovo IdeaPad Flex 5 15ITL05 82HT0056MH;https://www.coolblue.nl/en/product/878332/lenovo-ideapad-flex-5-15itl05-82ht0056mh.html;699,-
MSI GF63 Thin 10UC-685NL;https://www.coolblue.nl/en/product/891438/msi-gf63-thin-10uc-685nl.html;1.049,-
Apple MacBook Air (2020) 16GB/256GB Apple M1 with 7-core GPU Silver;https://www.coolblue.nl/en/product/874172/apple-macbook-air-2020-16gb-256gb-apple-m1-with-7-core-gpu-silver.html;1.339,-
HP Pavilion 15-eg0900nd;https://www.coolblue.nl/en/product/869785/hp-pavilion-15-eg0900nd.html;979,-
MSI GF66 Katana 11UC-811NL;https://www.coolblue.nl/en/product/889892/msi-gf66-katana-11uc-811nl.html;1.049,-
MSI Stealth GS66 12UGS-259NL;https://www.coolblue.nl/en/product/899582/msi-stealth-gs66-12ugs-259nl.html;3.149,-
HP 14s-fq1971nd;https://www.coolblue.nl/en/product/891955/hp-14s-fq1971nd.html;699,-
Apple MacBook Pro 14 inches (2021) M1 Pro (10-core CPU/16-core GPU) 16GB/512GB Space Gray;https://www.coolblue.nl/en/product/894401/apple-macbook-pro-14-inches-2021-m1-pro-10-core-cpu-16-core-gpu-16gb-512gb-space-gray.html;2.289,-
HP Pavilion G 15-dk2970nd;https://www.coolblue.nl/en/product/879740/hp-pavilion-g-15-dk2970nd.html;899,-
Lenovo IdeaPad 5 Pro 16ACH6 82L500KNMH;https://www.coolblue.nl/en/product/891629/lenovo-ideapad-5-pro-16ach6-82l500knmh.html;949,-
Lenovo IdeaPad 3 14ITL6 82H700JWMH;https://www.coolblue.nl/en/product/878357/lenovo-ideapad-3-14itl6-82h700jwmh.html;479,-
Lenovo IdeaPad 3 15ITL6 82H800SAMH;https://www.coolblue.nl/en/product/878363/lenovo-ideapad-3-15itl6-82h800samh.html;449,-
Lenovo IdeaPad 3 15ITL05 81X800HTMH;https://www.coolblue.nl/en/product/891609/lenovo-ideapad-3-15itl05-81x800htmh.html;549,-
Asus Zenbook 13 UM325UA-KG127W;https://www.coolblue.nl/en/product/893965/asus-zenbook-13-um325ua-kg127w.html;949,-
Lenovo IdeaPad Gaming 3 15IMH05 81Y400GGMH;https://www.coolblue.nl/en/product/860847/lenovo-ideapad-gaming-3-15imh05-81y400ggmh.html;749,-
Lenovo Chromebook IdeaPad Flex 5 13IML05 82B8000SMH;https://www.coolblue.nl/en/product/860582/lenovo-chromebook-ideapad-flex-5-13iml05-82b8000smh.html;479,-
Asus Vivobook Pro 15 OLED M3500QC-L1079W;https://www.coolblue.nl/en/product/898539/asus-vivobook-pro-15-oled-m3500qc-l1079w.html;1.149,-
HP 17-cn1956nd;https://www.coolblue.nl/en/product/890654/hp-17-cn1956nd.html;999,-
Acer Chromebook Spin 513 CP513-1H-S4MH;https://www.coolblue.nl/en/product/872005/acer-chromebook-spin-513-cp513-1h-s4mh.html;499,-
Asus Zenbook Flip 15 UX564PH-EZ012W;https://www.coolblue.nl/en/product/893974/asus-zenbook-flip-15-ux564ph-ez012w.html;1.499,-
HP Zbook Firefly 15 G8 - 2C9S5EA;https://www.coolblue.nl/en/product/879313/hp-zbook-firefly-15-g8-2c9s5ea.html;2.069,-
Samsung Galaxy Book2 Pro 15 NP950XED-KF2NL;https://www.coolblue.nl/en/product/901779/samsung-galaxy-book2-pro-15-np950xed-kf2nl.html;1.499,-
Lenovo ThinkPad X1 Carbon G9 - 20XW0029MH;https://www.coolblue.nl/en/product/884784/lenovo-thinkpad-x1-carbon-g9-20xw0029mh.html;1.899,-
MSI Creator M16 A11UD-853NL;https://www.coolblue.nl/en/product/889898/msi-creator-m16-a11ud-853nl.html;1.349,-
Asus Vivobook 14 X415EA-EB851W;https://www.coolblue.nl/en/product/898530/asus-vivobook-14-x415ea-eb851w.html;629,-
Asus Vivobook Pro 16X N7600PC-KV077W;https://www.coolblue.nl/en/product/893963/asus-vivobook-pro-16x-n7600pc-kv077w.html;1.449,-
Lenovo ThinkBook 15p - 20V30038MH;https://www.coolblue.nl/en/product/877932/lenovo-thinkbook-15p-20v30038mh.html;999,-
Asus TUF DashÂ F15 FX516PC-HN082T;https://www.coolblue.nl/en/product/888552/asus-tuf-dash-f15-fx516pc-hn082t.html;999,-
Lenovo IdeaPad 5 Pro 16ACH6 82L500KRMH;https://www.coolblue.nl/en/product/891630/lenovo-ideapad-5-pro-16ach6-82l500krmh.html;1.249,-
Lenovo IdeaPad 5 14ITL05 82FE015JMH;https://www.coolblue.nl/en/product/891598/lenovo-ideapad-5-14itl05-82fe015jmh.html;1.049,-
Lenovo Legion 5 15ITH6H 82JH005MMH;https://www.coolblue.nl/en/product/882856/lenovo-legion-5-15ith6h-82jh005mmh.html;1.499,-
Asus Vivobook 15 X571GT-BQ009T;https://www.coolblue.nl/en/product/879012/asus-vivobook-15-x571gt-bq009t.html;749,-
Microsoft Surface Pro 8 - i5/16/256 (Platinum);https://www.coolblue.nl/en/product/897654/microsoft-surface-pro-8-i5-16-256-platinum.html;1.249,-
Lenovo IdeaPad 3 14ITL6 82H700JVMH;https://www.coolblue.nl/en/product/878356/lenovo-ideapad-3-14itl6-82h700jvmh.html;449,-
Lenovo IdeaPad 5 14ITL05 82FE015HMH;https://www.coolblue.nl/en/product/891595/lenovo-ideapad-5-14itl05-82fe015hmh.html;649,-
Asus Vivobook Pro 14X M7400QE-KM032W;https://www.coolblue.nl/en/product/893956/asus-vivobook-pro-14x-m7400qe-km032w.html;1.699,-
MSI Raider GE76 Deluxe Edition 12UH-677NL;https://www.coolblue.nl/en/product/899581/msi-raider-ge76-deluxe-edition-12uh-677nl.html;3.999,-
Acer Aspire 5 A515-45-R41H;https://www.coolblue.nl/en/product/882442/acer-aspire-5-a515-45-r41h.html;579,-
Lenovo IdeaPad Flex 5 14ALC05 82HU00D1MH;https://www.coolblue.nl/en/product/878298/lenovo-ideapad-flex-5-14alc05-82hu00d1mh.html;628,95
Lenovo IdeaPad 3 14ITL6 82H700JUMH;https://www.coolblue.nl/en/product/878304/lenovo-ideapad-3-14itl6-82h700jumh.html;449,-
HP ENVY x360 15-eu0988nd;https://www.coolblue.nl/en/product/890664/hp-envy-x360-15-eu0988nd.html;1.049,-
HP 14s-fq1961nd;https://www.coolblue.nl/en/product/891953/hp-14s-fq1961nd.html;659,-
Asus Expertbook B1500CEAE-BQ1884R;https://www.coolblue.nl/en/product/890743/asus-expertbook-b1500ceae-bq1884r.html;839,-
HP 14s-dq4960nd;https://www.coolblue.nl/en/product/891949/hp-14s-dq4960nd.html;649,-
HP OMEN 16-b0970nd;https://www.coolblue.nl/en/product/883969/hp-omen-16-b0970nd.html;1.699,-
Asus TUF Gaming A15 FA507RC-HN056W;https://www.coolblue.nl/en/product/898548/asus-tuf-gaming-a15-fa507rc-hn056w.html;1.399,-
Acer Aspire 3 A317-53-36AH;https://www.coolblue.nl/en/product/899918/acer-aspire-3-a317-53-36ah.html;579,-
Microsoft Surface Laptop 4 15 inches i7 - 16GB - 512GB Black (W11);https://www.coolblue.nl/en/product/902130/microsoft-surface-laptop-4-15-inches-i7-16gb-512gb-black-w11.html;1.599,-
HP 15s-fq0910nd;https://www.coolblue.nl/en/product/878759/hp-15s-fq0910nd.html;357,-
HP ENVY x360 15-eu0957nd;https://www.coolblue.nl/en/product/890663/hp-envy-x360-15-eu0957nd.html;899,-
Asus Vivobook 17 X712EA-AU601W;https://www.coolblue.nl/en/product/894177/asus-vivobook-17-x712ea-au601w.html;899,-
Acer Aspire 3 A315-23-R8R3;https://www.coolblue.nl/en/product/862537/acer-aspire-3-a315-23-r8r3.html;429,-
Microsoft Surface Pro 8 - i7/16/1TB (Platinum);https://www.coolblue.nl/en/product/897662/microsoft-surface-pro-8-i7-16-1tb-platinum.html;1.899,-
Samsung Galaxy Book2 Pro 360 13 NP930QED-KB1NL;https://www.coolblue.nl/en/product/901774/samsung-galaxy-book2-pro-360-13-np930qed-kb1nl.html;1.549,-
Apple MacBook Air (2020) MGN73N/A Space Gray;https://www.coolblue.nl/en/product/873124/apple-macbook-air-2020-mgn73n-a-space-gray.html;1.249,-
HP OMEN 17-ck0976nd;https://www.coolblue.nl/en/product/883971/hp-omen-17-ck0976nd.html;1.799,-
Apple MacBook Pro 14 (2021) M1 Max (10-core CPU/32-core GPU) 32GB/2TB Space Gray;https://www.coolblue.nl/en/product/894414/apple-macbook-pro-14-2021-m1-max-10-core-cpu-32-core-gpu-32gb-2tb-space-gray.html;4.049,-
Apple MacBook Pro 13 inches (2020) 16GB/256GB Apple M1 Silver;https://www.coolblue.nl/en/product/878576/apple-macbook-pro-13-inches-2020-16gb-256gb-apple-m1-silver.html;1.539,-
HP 15s-fq4980nd;https://www.coolblue.nl/en/product/891964/hp-15s-fq4980nd.html;799,-
Lenovo IdeaPad 5 Pro 14ACN6 82L7009KMH;https://www.coolblue.nl/en/product/898569/lenovo-ideapad-5-pro-14acn6-82l7009kmh.html;849,-
MSI GF76 Katana 11UD-433NL;https://www.coolblue.nl/en/product/889894/msi-gf76-katana-11ud-433nl.html;1.149,-
Asus Vivobook 15 K513EA-L11993W;https://www.coolblue.nl/en/product/893942/asus-vivobook-15-k513ea-l11993w.html;899,-
Asus Vivobook 17 X712EA-AU598W;https://www.coolblue.nl/en/product/894178/asus-vivobook-17-x712ea-au598w.html;779,-
Acer Aspire 3 A317-53-53R4;https://www.coolblue.nl/en/product/889425/acer-aspire-3-a317-53-53r4.html;629,-
MSI Raider GE66 Deluxe Edition 12UH-472NL;https://www.coolblue.nl/en/product/899580/msi-raider-ge66-deluxe-edition-12uh-472nl.html;3.549,-
Lenovo IdeaPad Gaming 3 15IMH05 81Y40196MH;https://www.coolblue.nl/en/product/879999/lenovo-ideapad-gaming-3-15imh05-81y40196mh.html;899,-
Acer Aspire 3 A315-58-51UJ;https://www.coolblue.nl/en/product/882447/acer-aspire-3-a315-58-51uj.html;599,-
Lenovo Yoga Slim 7 13ACN5 82CY001AMH;https://www.coolblue.nl/en/product/891931/lenovo-yoga-slim-7-13acn5-82cy001amh.html;999,-
HP VICTUS 16-e0332nd;https://www.coolblue.nl/en/product/898470/hp-victus-16-e0332nd.html;1.299,-
ASUS TUF Dash F15FX517ZR-HF011W;https://www.coolblue.nl/en/product/898546/asus-tuf-dash-f15fx517zr-hf011w.html;1.899,-
Lenovo ThinkPad T15 G2 20W400JBMH;https://www.coolblue.nl/en/product/899978/lenovo-thinkpad-t15-g2-20w400jbmh.html;1.699,-
Lenovo ThinkBook 15 G2 - 20VE0048MH;https://www.coolblue.nl/en/product/872867/lenovo-thinkbook-15-g2-20ve0048mh.html;999,-
HP Pavilion 14-dv1900nd;https://www.coolblue.nl/en/product/891940/hp-pavilion-14-dv1900nd.html;829,-
Acer Aspire 7 A715-75G-549P;https://www.coolblue.nl/en/product/882452/acer-aspire-7-a715-75g-549p.html;699,-
Acer Chromebook 314 CB314-1H-C11A;https://www.coolblue.nl/en/product/853050/acer-chromebook-314-cb314-1h-c11a.html;249,-
Asus Vivobook Pro 14 M3401QC-KP093W;https://www.coolblue.nl/en/product/893952/asus-vivobook-pro-14-m3401qc-kp093w.html;999,-
Lenovo IdeaPad 5 Pro 14ITL6 82L30076MH;https://www.coolblue.nl/en/product/878309/lenovo-ideapad-5-pro-14itl6-82l30076mh.html;1.199,-
Acer Extensa 15 EX215-52-57S6;https://www.coolblue.nl/en/product/871427/acer-extensa-15-ex215-52-57s6.html;699,-
Lenovo IdeaPad 5 14ALC05 82LM009RMH;https://www.coolblue.nl/en/product/878293/lenovo-ideapad-5-14alc05-82lm009rmh.html;699,-
Lenovo IdeaPad 5 15ITL05 82FG00YKMH;https://www.coolblue.nl/en/product/878376/lenovo-ideapad-5-15itl05-82fg00ykmh.html;549,-
Asus X515EA-BQ1341W;https://www.coolblue.nl/en/product/893938/asus-x515ea-bq1341w.html;679,-
HP Pavilion 14-dv1901nd;https://www.coolblue.nl/en/product/891941/hp-pavilion-14-dv1901nd.html;1.099,-
Lenovo ThinkBook 14 G2 - 20VD003YMH;https://www.coolblue.nl/en/product/872858/lenovo-thinkbook-14-g2-20vd003ymh.html;959,-
HP 15s-fq2940nd;https://www.coolblue.nl/en/product/873234/hp-15s-fq2940nd.html;449,-
HP Chromebook x360 14a-ca0501nd;https://www.coolblue.nl/en/product/871780/hp-chromebook-x360-14a-ca0501nd.html;349,-
Acer TravelMate P2 TMP215-52-516R;https://www.coolblue.nl/en/product/857093/acer-travelmate-p2-tmp215-52-516r.html;799,-
Acer Predator Triton 300 PT315-53-79K3;https://www.coolblue.nl/en/product/900572/acer-predator-triton-300-pt315-53-79k3.html;1.199,-
Lenovo IdeaPad 3 15IIL05 81WE00FHMH;https://www.coolblue.nl/en/product/860849/lenovo-ideapad-3-15iil05-81we00fhmh.html;519,-
Apple MacBook Pro 13 inches (2020) MYD82N/A Space Gray;https://www.coolblue.nl/en/product/873114/apple-macbook-pro-13-inches-2020-myd82n-a-space-gray.html;1.269,-
Lenovo Legion 5 Pro 16ACH6H 82JQ00QNMH;https://www.coolblue.nl/en/product/898107/lenovo-legion-5-pro-16ach6h-82jq00qnmh.html;1.699,-
Acer Nitro 5 AN515-57-70M9;https://www.coolblue.nl/en/product/882463/acer-nitro-5-an515-57-70m9.html;1.399,-
MSI Creator Z16 243NL Hiroshi Fujiwara Limited Edition;https://www.coolblue.nl/en/product/892843/msi-creator-z16-243nl-hiroshi-fujiwara-limited-edition.html;1.999,-
Lenovo ThinkBook 15 G2 - 20VE00FJMH;https://www.coolblue.nl/en/product/892864/lenovo-thinkbook-15-g2-20ve00fjmh.html;899,-
Apple MacBook Pro 14 inches (2021) M1 Max (10-core CPU/24-core GPU) 64GB/2TB Space Gray;https://www.coolblue.nl/en/product/894410/apple-macbook-pro-14-inches-2021-m1-max-10-core-cpu-24-core-gpu-64gb-2tb-space-gray.html;4.269,-
HP 15s-eq1904nd;https://www.coolblue.nl/en/product/863225/hp-15s-eq1904nd.html;399,-
Asus X415EA-EB536W;https://www.coolblue.nl/en/product/893936/asus-x415ea-eb536w.html;739,-
Lenovo IdeaPad 3 15IML05 81WB00H6MH;https://www.coolblue.nl/en/product/860830/lenovo-ideapad-3-15iml05-81wb00h6mh.html;649,-
Apple MacBook Pro 14 inches (2021) M1 Pro (8-core CPU/14-core GPU) 32GB/2TB Space Gray;https://www.coolblue.nl/en/product/894400/apple-macbook-pro-14-inches-2021-m1-pro-8-core-cpu-14-core-gpu-32gb-2tb-space-gray.html;3.089,-
ASUS Vivobook 15 D515DA-EJ1291W;https://www.coolblue.nl/en/product/898524/asus-vivobook-15-d515da-ej1291w.html;449,-
Lenovo IdeaPad 3 14ADA05 81W0006GMH;https://www.coolblue.nl/en/product/860801/lenovo-ideapad-3-14ada05-81w0006gmh.html;579,-
Lenovo IdeaPad Gaming 3 15IHU6 82K1004WMH;https://www.coolblue.nl/en/product/880004/lenovo-ideapad-gaming-3-15ihu6-82k1004wmh.html;999,-
Asus Vivobook Pro 16 N7600PC-KV034T;https://www.coolblue.nl/en/product/886726/asus-vivobook-pro-16-n7600pc-kv034t.html;1.049,-
HP ENVY 17-ch1960nd;https://www.coolblue.nl/en/product/890659/hp-envy-17-ch1960nd.html;1.099,-
HP ENVY x360 13-ay1930nd;https://www.coolblue.nl/en/product/891934/hp-envy-x360-13-ay1930nd.html;1.099,-
Acer Spin 1 SP114-31-C75S;https://www.coolblue.nl/en/product/898551/acer-spin-1-sp114-31-c75s.html;349,-
MSI Katana GF76 11SC-017NL;https://www.coolblue.nl/en/product/880144/msi-katana-gf76-11sc-017nl.html;899,-
Asus Vivobook 17 X712EA-BX176W;https://www.coolblue.nl/en/product/893948/asus-vivobook-17-x712ea-bx176w.html;579,-
Acer Aspire Vero AV15-51-7739;https://www.coolblue.nl/en/product/892462/acer-aspire-vero-av15-51-7739.html;999,-
Asus X415EA-EB850W;https://www.coolblue.nl/en/product/893937/asus-x415ea-eb850w.html;489,-
Lenovo Legion 7 16ACHg6 82N600MRMH;https://www.coolblue.nl/en/product/898110/lenovo-legion-7-16achg6-82n600mrmh.html;2.369,-
Asus TUF Gaming A17 FA707RR-HX006W;https://www.coolblue.nl/en/product/898550/asus-tuf-gaming-a17-fa707rr-hx006w.html;1.849,-
Asus Zenbook 14 BX425EA-KI618X;https://www.coolblue.nl/en/product/902091/asus-zenbook-14-bx425ea-ki618x.html;1.299,-
HP 14s-dq3910nd;https://www.coolblue.nl/en/product/891947/hp-14s-dq3910nd.html;329,-
Lenovo IdeaPad 3 15ITL05 81X800HUMH;https://www.coolblue.nl/en/product/891610/lenovo-ideapad-3-15itl05-81x800humh.html;599,-
Microsoft Surface Go 3 - 8GB - 128GB;https://www.coolblue.nl/en/product/889609/microsoft-surface-go-3-8gb-128gb.html;499,-
Acer Chromebook 315 CB315-3H-C4AJ;https://www.coolblue.nl/en/product/885896/acer-chromebook-315-cb315-3h-c4aj.html;339,-
HP 15s-fq2930nd;https://www.coolblue.nl/en/product/873233/hp-15s-fq2930nd.html;559,-
MSI GL66 Pulse 11UCK-027NL;https://www.coolblue.nl/en/product/880138/msi-gl66-pulse-11uck-027nl.html;1.149,-
Apple MacBook Pro 14 inches (2021) M1 Pro (10-core CPU/16-core GPU) 16GB/1TB Silver;https://www.coolblue.nl/en/product/894364/apple-macbook-pro-14-inches-2021-m1-pro-10-core-cpu-16-core-gpu-16gb-1tb-silver.html;2.469,-
Asus ROG Strix G17 G713IC-HX010W;https://www.coolblue.nl/en/product/898559/asus-rog-strix-g17-g713ic-hx010w.html;1.249,-
Apple MacBook Pro 13 inches (2020) 16GB/512GB Apple M1 Silver;https://www.coolblue.nl/en/product/877037/apple-macbook-pro-13-inches-2020-16gb-512gb-apple-m1-silver.html;1.769,-
Acer Swift 5 SF514-54-57M3;https://www.coolblue.nl/en/product/900500/acer-swift-5-sf514-54-57m3.html;599,-
Lenovo IdeaPad 5 Pro 16IHU6 82L9009TMH;https://www.coolblue.nl/en/product/891631/lenovo-ideapad-5-pro-16ihu6-82l9009tmh.html;1.349,-
Asus Zenbook Flip 15 UX564EI-H2052W;https://www.coolblue.nl/en/product/893973/asus-zenbook-flip-15-ux564ei-h2052w.html;1.899,-
Asus Zenbook Flip 14 OLED UN5401QA-KN081W;https://www.coolblue.nl/en/product/898540/asus-zenbook-flip-14-oled-un5401qa-kn081w.html;1.449,-
Asus TUF Gaming F17 FX706HEB-HX114W;https://www.coolblue.nl/en/product/898555/asus-tuf-gaming-f17-fx706heb-hx114w.html;1.349,-
Apple MacBook Pro 14 inches (2021) M1 Max (10-core CPU/24-core GPU) 64GB/4TB Space Gray;https://www.coolblue.nl/en/product/894411/apple-macbook-pro-14-inches-2021-m1-max-10-core-cpu-24-core-gpu-64gb-4tb-space-gray.html;4.869,-
Lenovo IdeaPad Flex 5 14ALC05 82HU00D2MH;https://www.coolblue.nl/en/product/878300/lenovo-ideapad-flex-5-14alc05-82hu00d2mh.html;749,-
Lenovo IdeaPad Flex 5 14ITL05 82HS00K7MH;https://www.coolblue.nl/en/product/878315/lenovo-ideapad-flex-5-14itl05-82hs00k7mh.html;799,-
Lenovo ThinkBook 14 G3 - 21A2002MMH;https://www.coolblue.nl/en/product/888359/lenovo-thinkbook-14-g3-21a2002mmh.html;809,-
HP 470 G8 43A44EA;https://www.coolblue.nl/en/product/901513/hp-470-g8-43a44ea.html;887,-
HP 14s-dq0990nd;https://www.coolblue.nl/en/product/892684/hp-14s-dq0990nd.html;349,-
Apple MacBook Air (2020) MGND3N/A Gold;https://www.coolblue.nl/en/product/873116/apple-macbook-air-2020-mgnd3n-a-gold.html;999,-
Lenovo ThinkPad P17 G2 - 20YU000BMH;https://www.coolblue.nl/en/product/889614/lenovo-thinkpad-p17-g2-20yu000bmh.html;3.399,-
Apple MacBook Air (2020) 8GB/1TB Apple M1 with 8-core GPU Space Gray;https://www.coolblue.nl/en/product/874174/apple-macbook-air-2020-8gb-1tb-apple-m1-with-8-core-gpu-space-gray.html;1.599,-
Microsoft Surface Laptop Go - i5 - 8GB - 256GB Platinum;https://www.coolblue.nl/en/product/869661/microsoft-surface-laptop-go-i5-8gb-256gb-platinum.html;749,-
HP Victus 16-e0160nd;https://www.coolblue.nl/en/product/900058/hp-victus-16-e0160nd.html;849,-
Acer TravelMate P2 TMP215-53-579G;https://www.coolblue.nl/en/product/899113/acer-travelmate-p2-tmp215-53-579g.html;829,-
Lenovo IdeaPad 5 14ALC05 82LM008FMH;https://www.coolblue.nl/en/product/904073/lenovo-ideapad-5-14alc05-82lm008fmh.html;749,-
HP ProBook 440 G8 - 203F2EA;https://www.coolblue.nl/en/product/872299/hp-probook-440-g8-203f2ea.html;1.149,-
HP EliteBook 830 G8 - 35T69EA;https://www.coolblue.nl/en/product/889657/hp-elitebook-830-g8-35t69ea.html;1.759,-
Microsoft Surface Laptop Studio - i5/16GB/512GB/iGPU;https://www.coolblue.nl/en/product/897669/microsoft-surface-laptop-studio-i5-16gb-512gb-igpu.html;1.899,-
HP Pavilion Aero 13-be0951nd;https://www.coolblue.nl/en/product/891937/hp-pavilion-aero-13-be0951nd.html;849,-
Microsoft Surface Laptop 4 15 inches R7se - 8GB - 256GB Platinum;https://www.coolblue.nl/en/product/877636/microsoft-surface-laptop-4-15-inches-r7se-8gb-256gb-platinum.html;1.149,-
Microsoft Surface Laptop 4 13.5 inches i5 - 8GB - 512GB Black;https://www.coolblue.nl/en/product/877631/microsoft-surface-laptop-4-13-5-inches-i5-8gb-512gb-black.html;1.199,-
Apple MacBook Air (2020) MGN93N/A Silver;https://www.coolblue.nl/en/product/873120/apple-macbook-air-2020-mgn93n-a-silver.html;999,-
Asus Vivobook Pro 14 K3400PH-KM139W;https://www.coolblue.nl/en/product/893953/asus-vivobook-pro-14-k3400ph-km139w.html;1.249,-
Asus Zenbook Duo 14 UX482EAR-HY315W;https://www.coolblue.nl/en/product/893972/asus-zenbook-duo-14-ux482ear-hy315w.html;1.899,-
Asus TUF Gaming A17FA707RM-HX044W;https://www.coolblue.nl/en/product/898549/asus-tuf-gaming-a17fa707rm-hx044w.html;1.649,-
Lenovo ThinkPad X1 Extreme G4 20Y50019MH;https://www.coolblue.nl/en/product/899982/lenovo-thinkpad-x1-extreme-g4-20y50019mh.html;2.699,-
Lenovo IdeaPad Flex 5 14ITL05 82HS00K3MH;https://www.coolblue.nl/en/product/878312/lenovo-ideapad-flex-5-14itl05-82hs00k3mh.html;529,-
Asus ROG Strix G15 G513IH-HN101T;https://www.coolblue.nl/en/product/892678/asus-rog-strix-g15-g513ih-hn101t.html;999,-
Lenovo IdeaPad 3 15ALC6 82KU00L8MH;https://www.coolblue.nl/en/product/878375/lenovo-ideapad-3-15alc6-82ku00l8mh.html;649,-
Acer Predator Triton 300 PT315-53-70VA;https://www.coolblue.nl/en/product/900575/acer-predator-triton-300-pt315-53-70va.html;1.499,-
Acer TravelMate P2 TMP214-53-54ZM;https://www.coolblue.nl/en/product/899088/acer-travelmate-p2-tmp214-53-54zm.html;799,-
Lenovo IdeaPad Gaming 3 15ACH6 82K200AVMH;https://www.coolblue.nl/en/product/879990/lenovo-ideapad-gaming-3-15ach6-82k200avmh.html;899,-
Microsoft Surface Laptop Studio - i5/16GB/256GB/iGPU;https://www.coolblue.nl/en/product/897668/microsoft-surface-laptop-studio-i5-16gb-256gb-igpu.html;1.699,-
MSI Creator Z17 A12UHST-015NL;https://www.coolblue.nl/en/product/899061/msi-creator-z17-a12uhst-015nl.html;4.899,-
Lenovo Yoga Slim 7 13ACN5 82CY001CMH;https://www.coolblue.nl/en/product/891929/lenovo-yoga-slim-7-13acn5-82cy001cmh.html;799,-
Acer Predator Triton 300 SE PT314-51s-79TY;https://www.coolblue.nl/en/product/877971/acer-predator-triton-300-se-pt314-51s-79ty.html;1.599,-
Lenovo IdeaPad Flex 5 Chromebook 13ITL6 82M70047MH;https://www.coolblue.nl/en/product/903512/lenovo-ideapad-flex-5-chromebook-13itl6-82m70047mh.html;549,-
Acer Aspire 3 A317-52-30MH;https://www.coolblue.nl/en/product/863791/acer-aspire-3-a317-52-30mh.html;529,-
Asus Vivobook Pro 15 K3500PH-L1123W;https://www.coolblue.nl/en/product/893960/asus-vivobook-pro-15-k3500ph-l1123w.html;1.099,-
Acer Nitro 5 AN515-45-R4TG;https://www.coolblue.nl/en/product/900576/acer-nitro-5-an515-45-r4tg.html;1.899,-
HP 14s-dq2950nd;https://www.coolblue.nl/en/product/873230/hp-14s-dq2950nd.html;639,-
Lenovo IdeaPad 3 15IGL05 81WQ00F6MH;https://www.coolblue.nl/en/product/891612/lenovo-ideapad-3-15igl05-81wq00f6mh.html;369,-
Asus Vivobook Pro 14 M3401QC-KP069W;https://www.coolblue.nl/en/product/893951/asus-vivobook-pro-14-m3401qc-kp069w.html;1.249,-
Acer Aspire 3 A317-53-37Y6;https://www.coolblue.nl/en/product/881859/acer-aspire-3-a317-53-37y6.html;661,-
MSI Creator Z16 A11UET-027NL;https://www.coolblue.nl/en/product/883805/msi-creator-z16-a11uet-027nl.html;2.439,-
HP OMEN 17-ck0977nd;https://www.coolblue.nl/en/product/883972/hp-omen-17-ck0977nd.html;1.999,-
Lenovo ThinkPad P15v G2 - 21A90008MH;https://www.coolblue.nl/en/product/889611/lenovo-thinkpad-p15v-g2-21a90008mh.html;2.149,-
Lenovo Legion 7 16ACHg7 82N600MSMH;https://www.coolblue.nl/en/product/898111/lenovo-legion-7-16achg7-82n600msmh.html;2.649,-
Lenovo Legion 5 Pro 16ACH6H 82JQ00QQMH;https://www.coolblue.nl/en/product/898358/lenovo-legion-5-pro-16ach6h-82jq00qqmh.html;1.899,-
Asus ROG Zephyrus G14 GA401QC-K2175W;https://www.coolblue.nl/en/product/898564/asus-rog-zephyrus-g14-ga401qc-k2175w.html;1.599,-
Asus ROG Strix G15 Advantage Edition G513QY-HF002W;https://www.coolblue.nl/en/product/892683/asus-rog-strix-g15-advantage-edition-g513qy-hf002w.html;1.999,-
Apple MacBook Pro 14 inches (2021) M1 Max (10-core CPU/32-core GPU) 64GB/4TB Space Gray;https://www.coolblue.nl/en/product/894418/apple-macbook-pro-14-inches-2021-m1-max-10-core-cpu-32-core-gpu-64gb-4tb-space-gray.html;5.269,-
Apple MacBook Pro 16 inches (2021) M1 Max (10-core CPU/32-core GPU) 32GB/4TB Space Gray;https://www.coolblue.nl/en/product/894452/apple-macbook-pro-16-inches-2021-m1-max-10-core-cpu-32-core-gpu-32gb-4tb-space-gray.html;4.899,-
HP Chromebook x360 14c-ca0000nd;https://www.coolblue.nl/en/product/864176/hp-chromebook-x360-14c-ca0000nd.html;529,-
HP Pavilion G 15-ec2910nd;https://www.coolblue.nl/en/product/879738/hp-pavilion-g-15-ec2910nd.html;1.149,-
Lenovo IdeaPad Flex 5 14ALC05 82HU00D4MH;https://www.coolblue.nl/en/product/878354/lenovo-ideapad-flex-5-14alc05-82hu00d4mh.html;699,-
Lenovo V15 G2 ALC 82KD00C4MH;https://www.coolblue.nl/en/product/899942/lenovo-v15-g2-alc-82kd00c4mh.html;729,-
Acer Chromebook 317 CB317-1H-C6RN;https://www.coolblue.nl/en/product/886845/acer-chromebook-317-cb317-1h-c6rn.html;499,-
Samsung Galaxy Book2 Pro 13 NP930XED-KA1NL;https://www.coolblue.nl/en/product/901778/samsung-galaxy-book2-pro-13-np930xed-ka1nl.html;1.449,-
Lenovo IdeaPad 5 15ITL05 82FG01F4MH;https://www.coolblue.nl/en/product/891623/lenovo-ideapad-5-15itl05-82fg01f4mh.html;769,-
Acer Chromebook 317 CB317-1H-C1SE;https://www.coolblue.nl/en/product/886844/acer-chromebook-317-cb317-1h-c1se.html;429,-
Asus Vivobook Pro 14X M7400QC-KM020W;https://www.coolblue.nl/en/product/893955/asus-vivobook-pro-14x-m7400qc-km020w.html;1.399,-
Asus Vivobook Pro 14 M3401QC-KM051W;https://www.coolblue.nl/en/product/893950/asus-vivobook-pro-14-m3401qc-km051w.html;1.149,-
Asus Zenbook Pro Duo 15 UX582HM-KY012X;https://www.coolblue.nl/en/product/893975/asus-zenbook-pro-duo-15-ux582hm-ky012x.html;2.799,-
MSI Stealth GS77 12UGS-061NL;https://www.coolblue.nl/en/product/899584/msi-stealth-gs77-12ugs-061nl.html;3.449,-
HP Pavilion G 15-ec2900nd;https://www.coolblue.nl/en/product/879736/hp-pavilion-g-15-ec2900nd.html;749,-
Lenovo IdeaPad 5 Pro 14ACN6 82L7006PMH;https://www.coolblue.nl/en/product/878295/lenovo-ideapad-5-pro-14acn6-82l7006pmh.html;849,-
Microsoft Surface Pro X - SQ2 - 16GB - 512GB Platinum;https://www.coolblue.nl/en/product/869659/microsoft-surface-pro-x-sq2-16gb-512gb-platinum.html;1.199,-
Acer Swift 3 SF314-511-73NR;https://www.coolblue.nl/en/product/898347/acer-swift-3-sf314-511-73nr.html;999,-
Acer Aspire 3 A314-22-R56U;https://www.coolblue.nl/en/product/862534/acer-aspire-3-a314-22-r56u.html;449,-
Microsoft Surface Go 3 - 4GB - 64GB;https://www.coolblue.nl/en/product/889608/microsoft-surface-go-3-4gb-64gb.html;399,-
HP Chromebook x360 14a-ca0600nd;https://www.coolblue.nl/en/product/871782/hp-chromebook-x360-14a-ca0600nd.html;399,-
Apple MacBook Pro 13 inches (2020) 16GB/1TB Apple M1 Silver;https://www.coolblue.nl/en/product/878577/apple-macbook-pro-13-inches-2020-16gb-1tb-apple-m1-silver.html;1.979,-
MSI GF66 Katana 11SC-015NL;https://www.coolblue.nl/en/product/880147/msi-gf66-katana-11sc-015nl.html;829,-
Asus Vivobook 17 X705MA-BX234W;https://www.coolblue.nl/en/product/904031/asus-vivobook-17-x705ma-bx234w.html;479,-
Lenovo IdeaPad Flex 5 14ITL05 82HS00K6MH;https://www.coolblue.nl/en/product/878353/lenovo-ideapad-flex-5-14itl05-82hs00k6mh.html;449,-
Asus Vivobook Pro 16X N7600PC-L2010W;https://www.coolblue.nl/en/product/893964/asus-vivobook-pro-16x-n7600pc-l2010w.html;1.649,-
Asus TUF Gaming F17 FX706HCB-HX152W;https://www.coolblue.nl/en/product/892680/asus-tuf-gaming-f17-fx706hcb-hx152w.html;1.249,-
Asus Vivobook 15 X515MA-EJ493W;https://www.coolblue.nl/en/product/898585/asus-vivobook-15-x515ma-ej493w.html;399,-
Acer Spin 3 Pro SP313-51N-7924;https://www.coolblue.nl/en/product/899150/acer-spin-3-pro-sp313-51n-7924.html;1.149,-
Asus TUF Gaming F15 FX506LH-HN283T;https://www.coolblue.nl/en/product/888543/asus-tuf-gaming-f15-fx506lh-hn283t.html;749,-
Asus Vivobook Pro 14 K3400PH-KM038T;https://www.coolblue.nl/en/product/886723/asus-vivobook-pro-14-k3400ph-km038t.html;999,-
Medion Erazer Defender MD62302;https://www.coolblue.nl/en/product/889012/medion-erazer-defender-md62302.html;1.299,-
HP Chromebook x360 14b-ca0200nd;https://www.coolblue.nl/en/product/865779/hp-chromebook-x360-14b-ca0200nd.html;399,-
Asus Chromebook C433TA-AJ0287;https://www.coolblue.nl/en/product/886174/asus-chromebook-c433ta-aj0287.html;539,-
HP Pavilion Aero 13-be0975nd;https://www.coolblue.nl/en/product/880151/hp-pavilion-aero-13-be0975nd.html;999,-
Apple MacBook Pro 13 inches (2020) 8GB/1TB Apple M1 Space Gray;https://www.coolblue.nl/en/product/874254/apple-macbook-pro-13-inches-2020-8gb-1tb-apple-m1-space-gray.html;1.729,-
Lenovo IdeaPad 5 Pro 14ITL6 82L300FSMH;https://www.coolblue.nl/en/product/891608/lenovo-ideapad-5-pro-14itl6-82l300fsmh.html;1.299,-
HP OMEN 16-c0970nd;https://www.coolblue.nl/en/product/883950/hp-omen-16-c0970nd.html;1.599,-
Asus TUF Gaming F15 FX506HM-HN004W;https://www.coolblue.nl/en/product/898553/asus-tuf-gaming-f15-fx506hm-hn004w.html;1.499,-
HP VICTUS 16-d1972nd;https://www.coolblue.nl/en/product/900762/hp-victus-16-d1972nd.html;1.599,-
Asus ROG Zephyrus G14 GA401QE-K2186T;https://www.coolblue.nl/en/product/892681/asus-rog-zephyrus-g14-ga401qe-k2186t.html;1.699,-
MSI Creator Z16 A12UET-019NL;https://www.coolblue.nl/en/product/899071/msi-creator-z16-a12uet-019nl.html;2.649,-
MSI Pulse GL76 12UEK-209NL;https://www.coolblue.nl/en/product/899571/msi-pulse-gl76-12uek-209nl.html;1.999,-
MSI Vector GP76 12UH-426NL;https://www.coolblue.nl/en/product/899577/msi-vector-gp76-12uh-426nl.html;2.799,-
MSI Stealth GS66 12UHS-255NL;https://www.coolblue.nl/en/product/899583/msi-stealth-gs66-12uhs-255nl.html;4.299,-
MSI Stealth GS77 12UHS-032NL;https://www.coolblue.nl/en/product/899585/msi-stealth-gs77-12uhs-032nl.html;4.599,-
Asus ROG Zephyrus M16 GU603ZM-LS062W;https://www.coolblue.nl/en/product/898565/asus-rog-zephyrus-m16-gu603zm-ls062w.html;2.199,-
Asus Vivobook 15 S513EA-BN2643W;https://www.coolblue.nl/en/product/893944/asus-vivobook-15-s513ea-bn2643w.html;829,-
Acer Aspire 5 A514-54-71D6;https://www.coolblue.nl/en/product/867662/acer-aspire-5-a514-54-71d6.html;849,-
HP Chromebook x360 14c-cc0735nd;https://www.coolblue.nl/en/product/900512/hp-chromebook-x360-14c-cc0735nd.html;649,-
ConceptD 3 CN315-72G-79RC;https://www.coolblue.nl/en/product/875902/conceptd-3-cn315-72g-79rc.html;1.349,-
MSI Bravo 15 B5DD-038NL;https://www.coolblue.nl/en/product/883032/msi-bravo-15-b5dd-038nl.html;849,-
Asus Vivobook Pro 15 K3500PH-L1393W;https://www.coolblue.nl/en/product/903686/asus-vivobook-pro-15-k3500ph-l1393w.html;1.199,-
HP 17-cn0971nd;https://www.coolblue.nl/en/product/891407/hp-17-cn0971nd.html;949,-
Asus Vivobook 15 OLED M513UA-L1427W;https://www.coolblue.nl/en/product/893946/asus-vivobook-15-oled-m513ua-l1427w.html;949,-
Acer Nitro 5 AN517-54-73TD;https://www.coolblue.nl/en/product/895443/acer-nitro-5-an517-54-73td.html;1.499,-
Samsung Galaxy Book2 360 13 NP730QED-KA1NL;https://www.coolblue.nl/en/product/901780/samsung-galaxy-book2-360-13-np730qed-ka1nl.html;1.099,-
Microsoft Surface Laptop 4 13.5 inches i7 - 16GB - 512GB Platinum (W11);https://www.coolblue.nl/en/product/902122/microsoft-surface-laptop-4-13-5-inches-i7-16gb-512gb-platinum-w11.html;1.449,-
Microsoft Surface Pro X - SQ2 - 16GB - 256GB Black;https://www.coolblue.nl/en/product/869656/microsoft-surface-pro-x-sq2-16gb-256gb-black.html;1.049,-
Acer Enduro Urban N3 EUN314-51W-57NG;https://www.coolblue.nl/en/product/899151/acer-enduro-urban-n3-eun314-51w-57ng.html;999,-
MSI Modern 15 A11M-819NL;https://www.coolblue.nl/en/product/892838/msi-modern-15-a11m-819nl.html;699,-
Apple MacBook Air (2020) MGNA3N/A Silver;https://www.coolblue.nl/en/product/873129/apple-macbook-air-2020-mgna3n-a-silver.html;1.249,-
Lenovo IdeaPad Flex 3 Chromebook 11IGL05 82BB0012MH;https://www.coolblue.nl/en/product/860579/lenovo-ideapad-flex-3-chromebook-11igl05-82bb0012mh.html;279,-
Medion Erazer Beast X25 MD62182;https://www.coolblue.nl/en/product/877278/medion-erazer-beast-x25-md62182.html;1.999,-
Acer Predator Triton 500 SE PT516-51s-7990;https://www.coolblue.nl/en/product/900573/acer-predator-triton-500-se-pt516-51s-7990.html;1.999,-
MSI GS76 Stealth 11UG-477NL;https://www.coolblue.nl/en/product/889897/msi-gs76-stealth-11ug-477nl.html;2.639,-
HP Pavilion Aero 13-be0971nd;https://www.coolblue.nl/en/product/891938/hp-pavilion-aero-13-be0971nd.html;949,-
Lenovo IdeaPad 5 14ITL05 82FE00PVMH;https://www.coolblue.nl/en/product/878305/lenovo-ideapad-5-14itl05-82fe00pvmh.html;649,-
Lenovo IdeaPad 3 Chromebook 14M836 82KN000PMH;https://www.coolblue.nl/en/product/885809/lenovo-ideapad-3-chromebook-14m836-82kn000pmh.html;299,-
HP 15s-fq4970nd;https://www.coolblue.nl/en/product/891963/hp-15s-fq4970nd.html;829,-
Asus Vivobook Flip 14 TP1400KA-EC002WS;https://www.coolblue.nl/en/product/898518/asus-vivobook-flip-14-tp1400ka-ec002ws.html;429,-
HP 15s-fq0901nd;https://www.coolblue.nl/en/product/892686/hp-15s-fq0901nd.html;369,-
Acer Swift 3 SF314-511-5622;https://www.coolblue.nl/en/product/882456/acer-swift-3-sf314-511-5622.html;779,-
Acer Aspire 3 A317-52-34HE;https://www.coolblue.nl/en/product/863792/acer-aspire-3-a317-52-34he.html;629,-
Apple MacBook Pro 13 inches (2020) MYD92N/A Space Gray;https://www.coolblue.nl/en/product/873119/apple-macbook-pro-13-inches-2020-myd92n-a-space-gray.html;1.499,-
Medion Erazer Crawler E25 MD62301;https://www.coolblue.nl/en/product/897749/medion-erazer-crawler-e25-md62301.html;999,-
Lenovo IdeaPad Gaming 3 15IMH05 81Y40198MH;https://www.coolblue.nl/en/product/879997/lenovo-ideapad-gaming-3-15imh05-81y40198mh.html;799,-
Medion Erazer Defender P10 MD62237;https://www.coolblue.nl/en/product/877279/medion-erazer-defender-p10-md62237.html;1.099,-
Asus X515EA-EJ910W;https://www.coolblue.nl/en/product/893940/asus-x515ea-ej910w.html;529,-
Lenovo IdeaPad 5 14ITL05 82FE00PUMH;https://www.coolblue.nl/en/product/878358/lenovo-ideapad-5-14itl05-82fe00pumh.html;679,-
Lenovo IdeaPad 3 15IIL05 81WE00FJMH;https://www.coolblue.nl/en/product/860850/lenovo-ideapad-3-15iil05-81we00fjmh.html;549,-
Acer Spin 3 SP314-54N-57VR;https://www.coolblue.nl/en/product/857080/acer-spin-3-sp314-54n-57vr.html;829,-
Asus Vivobook Slate 13 OLED T3300KA-LQ072W;https://www.coolblue.nl/en/product/898533/asus-vivobook-slate-13-oled-t3300ka-lq072w.html;699,-
Lenovo IdeaPad 5 14ARE05 81YM007EMH;https://www.coolblue.nl/en/product/860795/lenovo-ideapad-5-14are05-81ym007emh.html;719,-
Lenovo IdeaPad 5 15ALC05 82LN00NJMH;https://www.coolblue.nl/en/product/891618/lenovo-ideapad-5-15alc05-82ln00njmh.html;779,-
Asus Chromebook CX9400CEA-KC0015;https://www.coolblue.nl/en/product/886182/asus-chromebook-cx9400cea-kc0015.html;899,-
HP OMEN 15-ek1950nd;https://www.coolblue.nl/en/product/876295/hp-omen-15-ek1950nd.html;1.899,-
Lenovo ThinkPad P15 G2 - 20YQ000YMH;https://www.coolblue.nl/en/product/889613/lenovo-thinkpad-p15-g2-20yq000ymh.html;2.799,-
Asus ROG Zephyrus G14 GA401QM-K2341T;https://www.coolblue.nl/en/product/892682/asus-rog-zephyrus-g14-ga401qm-k2341t.html;1.899,-
MSI Modern 15 A11M-821NL;https://www.coolblue.nl/en/product/892839/msi-modern-15-a11m-821nl.html;749,-
Asus Zenbook 14 UM425QA-KI163W;https://www.coolblue.nl/en/product/898535/asus-zenbook-14-um425qa-ki163w.html;899,-
HP 14s-dq2930nd;https://www.coolblue.nl/en/product/873226/hp-14s-dq2930nd.html;502,95
MSI Modern 15 A11ML-448NL;https://www.coolblue.nl/en/product/882303/msi-modern-15-a11ml-448nl.html;586,-
Asus TUF Gaming F15 FX506LH-HN004W;https://www.coolblue.nl/en/product/898552/asus-tuf-gaming-f15-fx506lh-hn004w.html;849,-
Apple MacBook Pro 16 inches (2021) M1 Pro (10-core CPU/16-core GPU) 32GB/1TB Space Gray;https://www.coolblue.nl/en/product/894444/apple-macbook-pro-16-inches-2021-m1-pro-10-core-cpu-16-core-gpu-32gb-1tb-space-gray.html;3.439,-
Asus Vivobook 14 K3400PA-KP115W;https://www.coolblue.nl/en/product/893941/asus-vivobook-14-k3400pa-kp115w.html;899,-
Lenovo IdeaPad 5 14ALC05 82LM009UMH;https://www.coolblue.nl/en/product/878362/lenovo-ideapad-5-14alc05-82lm009umh.html;649,-
Dynabook Satellite Pro C50-J-10S;https://www.coolblue.nl/en/product/901874/dynabook-satellite-pro-c50-j-10s.html;729,-
Acer Swift 3 SF316-51-771D;https://www.coolblue.nl/en/product/899923/acer-swift-3-sf316-51-771d.html;999,-
Lenovo IdeaPad 5 Pro 16ACH6 82L500KPMH;https://www.coolblue.nl/en/product/891628/lenovo-ideapad-5-pro-16ach6-82l500kpmh.html;999,-
Lenovo IdeaPad 5 Pro 14ACN6 82L700GLMH;https://www.coolblue.nl/en/product/891605/lenovo-ideapad-5-pro-14acn6-82l700glmh.html;849,-
Asus VivoBook S14 S433EA-AM214T;https://www.coolblue.nl/en/product/874319/asus-vivobook-s14-s433ea-am214t.html;729,-
Acer Spin 1 SP111-33-C2W8;https://www.coolblue.nl/en/product/896205/acer-spin-1-sp111-33-c2w8.html;349,-
HP 15s-fq3910nd;https://www.coolblue.nl/en/product/891960/hp-15s-fq3910nd.html;419,-
Microsoft Surface Laptop 4 13.5 inches R5se - 8GB - 256GB Platinum;https://www.coolblue.nl/en/product/877629/microsoft-surface-laptop-4-13-5-inches-r5se-8gb-256gb-platinum.html;899,-
Asus Vivobook 15 OLED M513UA-L1376W;https://www.coolblue.nl/en/product/893945/asus-vivobook-15-oled-m513ua-l1376w.html;849,-
Lenovo IdeaPad 5 14ITL05 82FE0158MH;https://www.coolblue.nl/en/product/893988/lenovo-ideapad-5-14itl05-82fe0158mh.html;849,-
Medion E4251B-N4020-4-128;https://www.coolblue.nl/en/product/899607/medion-e4251b-n4020-4-128.html;299,-
Lenovo IdeaPad Flex 3 11IGL05 82B2006NMH;https://www.coolblue.nl/en/product/891586/lenovo-ideapad-flex-3-11igl05-82b2006nmh.html;399,-
Lenovo IdeaPad 3 Chromebook 14M836 82KN000XMH;https://www.coolblue.nl/en/product/876283/lenovo-ideapad-3-chromebook-14m836-82kn000xmh.html;269,-
Lenovo IdeaPad 3 14IGL05 81WH0073MH;https://www.coolblue.nl/en/product/891588/lenovo-ideapad-3-14igl05-81wh0073mh.html;369,-
ConceptD 7 Ezel CC715-71P-73YE;https://www.coolblue.nl/en/product/865770/conceptd-7-ezel-cc715-71p-73ye.html;2.699,-
HP OMEN 16-c0975nd;https://www.coolblue.nl/en/product/883953/hp-omen-16-c0975nd.html;1.849,-
ConceptD 3 Pro CN315-72P-7962;https://www.coolblue.nl/en/product/879621/conceptd-3-pro-cn315-72p-7962.html;1.549,-
Medion Erazer Defender MD62305;https://www.coolblue.nl/en/product/889013/medion-erazer-defender-md62305.html;1.499,-
Lenovo ThinkPad P17 G2 - 20YU0028MH;https://www.coolblue.nl/en/product/889612/lenovo-thinkpad-p17-g2-20yu0028mh.html;2.449,-
HP EliteBook 850 G8 - 2Y2S2EA;https://www.coolblue.nl/en/product/889653/hp-elitebook-850-g8-2y2s2ea.html;1.659,-
HP EliteBook 830 G8 - 35T66EA;https://www.coolblue.nl/en/product/889656/hp-elitebook-830-g8-35t66ea.html;1.489,-
MSI Summit E14 Flip Evo A12MT-019NL;https://www.coolblue.nl/en/product/900882/msi-summit-e14-flip-evo-a12mt-019nl.html;1.749,-
Asus ROG Zephyrus G14 GA401QE-K2118T;https://www.coolblue.nl/en/product/888544/asus-rog-zephyrus-g14-ga401qe-k2118t.html;1.549,-
MSI Creator Z17 A12UGST-018NL;https://www.coolblue.nl/en/product/899065/msi-creator-z17-a12ugst-018nl.html;3.699,-
